id;dataset_name;title;program_name;programmer;completion_date;validation_method
1;Intelligent Metal Fish;intangible Directives;RSS;uniform Beauty Computer;2021-03-12T09:41:30;Honduras connecting
2;Steel;Buckinghamshire Avon;Games content Customizable;District;2021-03-12T12:32:37;Arkansas Dynamic
3;Pizza Kenyan Shilling analyzing;system engine;Cambridgeshire Cambridgeshire;Personal Loan Account Practical Soft Table;2021-03-12T02:21:38;Practical Cotton Pizza
4;Awesome back-end Human;Moldova Virginia protocol;markets;Gabon payment;2021-03-12T07:00:09;Palestinian Territory invoice
5;Inlet Drive;Cambridgeshire Monitored Handcrafted Frozen Tuna;District wireless;indexing;2021-03-12T00:19:53;orange indexing
6;indigo;program e-enable hack;Belarus;Shirt;2021-03-12T21:39:11;Refined
7;navigate;Ball Divide Hawaii;Home Loan Account software monetize;grey;2021-03-12T10:43:07;application Refined Granite Computer Buckinghamshire
8;alarm;SDD Personal Loan Account;one-to-one yellow;Mouse implement;2021-03-12T21:33:22;parsing
9;SCSI Future matrix;Credit Card Account;New York interface neural-net;backing up Borders Rupiah;2021-03-12T16:58:54;Rue Director
10;visionary;Functionality;programming;Practical Fresh;2021-03-12T21:10:56;help-desk value-added
