id;team_member;date_started;role;data_sources;data_version;extract_date
1;revolutionize synergize;2021-03-12T19:25:13;redundant SDD;card Orchestrator;Representative Forest Director;2021-03-12T15:30:15
2;Electronics Place Producer;2021-03-12T13:09:32;Generic Shoes;card Fish;Representative homogeneous Nevada;2021-03-12T08:53:11
3;application;2021-03-12T03:59:08;neural-net;deploy;Producer SQL Gloves;2021-03-11T23:45:34
4;Soap deposit;2021-03-12T14:05:53;Nevada Platinum program;Poland leading-edge;Toys;2021-03-12T16:07:36
5;Associate;2021-03-12T19:18:20;Ergonomic Cotton Shoes open-source Tasty Metal Mouse;reintermediate Checking Account navigate;withdrawal Arizona vortals;2021-03-12T02:50:13
6;Toys benchmark Handmade;2021-03-12T22:07:19;Pizza 1080p copy;Highway;Angola Generic;2021-03-12T09:26:12
7;Borders Sweden programming;2021-03-12T19:26:50;Auto Loan Account CSS calculating;RSS View plum;Valleys Legacy generate;2021-03-12T18:08:39
8;Incredible;2021-03-12T07:41:40;Branding;Checking Account product;Stream;2021-03-12T16:10:48
9;Massachusetts;2021-03-12T17:45:29;Malaysian Ringgit bus;Salad;override Developer;2021-03-12T05:54:18
10;attitude-oriented;2021-03-12T00:03:28;Cotton Assistant navigate;Auto Loan Account Spurs;Fantastic Checking Account generating;2021-03-12T15:21:13
